State,District,State Type
Andaman Nicobar,Nicobar,Union Territory
Andaman Nicobar,North Middle Andaman,Union Territory
Andaman Nicobar,South Andaman,Union Territory
Andhra Pradesh,Anantapur,State
Andhra Pradesh,Chittoor,State
Andhra Pradesh,East Godavari,State
Andhra Pradesh,Alluri Sitarama Raju,State
Andhra Pradesh,Anakapalli,State
Andhra Pradesh,Annamaya,State
Andhra Pradesh,Bapatla,State
Andhra Pradesh,Eluru,State
Andhra Pradesh,Guntur,State
Andhra Pradesh,Kadapa,State
Andhra Pradesh,Kakinada ,State
Andhra Pradesh,Konaseema,State
Andhra Pradesh,Krishna,State
Andhra Pradesh,Kurnool,State
Andhra Pradesh,Manyam,State
Andhra Pradesh,N T Rama Rao,State
Andhra Pradesh,Nandyal,State
Andhra Pradesh,Nellore,State
Andhra Pradesh,Palnadu,State
Andhra Pradesh,Prakasam,State
Andhra Pradesh,Sri Balaji,State
Andhra Pradesh,Sri Satya Sai,State
Andhra Pradesh,Srikakulam,State
Andhra Pradesh,Visakhapatnam,State
Andhra Pradesh,Vizianagaram,State
Andhra Pradesh,West Godavari,State
Arunachal Pradesh,Anjaw,State
Arunachal Pradesh,Central Siang,State
Arunachal Pradesh,Changlang,State
Arunachal Pradesh,Dibang Valley,State
Arunachal Pradesh,East Kameng,State
Arunachal Pradesh,East Siang,State
Arunachal Pradesh,Kamle,State
Arunachal Pradesh,Kra Daadi,State
Arunachal Pradesh,Kurung Kumey,State
Arunachal Pradesh,Lepa Rada,State
Arunachal Pradesh,Lohit,State
Arunachal Pradesh,Longding,State
Arunachal Pradesh,Lower Dibang Valley,State
Arunachal Pradesh,Lower Siang,State
Arunachal Pradesh,Lower Subansiri,State
Arunachal Pradesh,Namsai,State
Arunachal Pradesh,Pakke Kessang,State
Arunachal Pradesh,Papum Pare,State
Arunachal Pradesh,Shi Yomi,State
Arunachal Pradesh,Tawang,State
Arunachal Pradesh,Tirap,State
Arunachal Pradesh,Upper Siang,State
Arunachal Pradesh,Upper Subansiri,State
Arunachal Pradesh,West Kameng,State
Arunachal Pradesh,West Siang,State
Assam,Baksa,State
Assam,Barpeta,State
Assam,Bongaigaon,State
Assam,Cachar,State
Assam,Charaideo,State
Assam,Chirang,State
Assam,Darrang,State
Assam,Dhemaji,State
Assam,Dhubri,State
Assam,Dibrugarh,State
Assam,Dima Hasao,State
Assam,Goalpara,State
Assam,Golaghat,State
Assam,Hailakandi,State
Assam,Jorhat,State
Assam,Kamrup,State
Assam,Kamrup Metropolitan,State
Assam,Karbi Anglong,State
Assam,Karimganj,State
Assam,Kokrajhar,State
Assam,Lakhimpur,State
Assam,Majuli,State
Assam,Morigaon,State
Assam,Nagaon,State
Assam,Nalbari,State
Assam,Sivasagar,State
Assam,Sonitpur,State
Assam,South Salmara-Mankachar,State
Assam,Tinsukia,State
Assam,Udalguri,State
Assam,West Karbi Anglong,State
Bihar,Araria,State
Bihar,Arwal,State
Bihar,Aurangabad,State
Bihar,Banka,State
Bihar,Begusarai,State
Bihar,Bhagalpur,State
Bihar,Bhojpur,State
Bihar,Buxar,State
Bihar,Darbhanga,State
Bihar,East Champaran,State
Bihar,Gaya,State
Bihar,Gopalganj,State
Bihar,Jamui,State
Bihar,Jehanabad,State
Bihar,Kaimur,State
Bihar,Katihar,State
Bihar,Khagaria,State
Bihar,Kishanganj,State
Bihar,Lakhisarai,State
Bihar,Madhepura,State
Bihar,Madhubani,State
Bihar,Munger,State
Bihar,Muzaffarpur,State
Bihar,Nalanda,State
Bihar,Nawada,State
Bihar,Patna,State
Bihar,Purnia,State
Bihar,Rohtas,State
Bihar,Saharsa,State
Bihar,Samastipur,State
Bihar,Saran,State
Bihar,Sheikhpura,State
Bihar,Sheohar,State
Bihar,Sitamarhi,State
Bihar,Siwan,State
Bihar,Supaul,State
Bihar,Vaishali,State
Bihar,West Champaran,State
Chandigarh,Chandigarh,Union Territory
Chhattisgarh,Balod,State
Chhattisgarh,Baloda Bazar,State
Chhattisgarh,Balrampur,State
Chhattisgarh,Bastar,State
Chhattisgarh,Bemetara,State
Chhattisgarh,Bijapur,State
Chhattisgarh,Bilaspur,State
Chhattisgarh,Dantewada,State
Chhattisgarh,Dhamtari,State
Chhattisgarh,Durg,State
Chhattisgarh,Gariaband,State
Chhattisgarh,Gaurela Pendra Marwahi,State
Chhattisgarh,Janjgir Champa,State
Chhattisgarh,Jashpur,State
Chhattisgarh,Kabirdham,State
Chhattisgarh,Kanker,State
Chhattisgarh,Khairagarh,State
Chhattisgarh,Kondagaon,State
Chhattisgarh,Korba,State
Chhattisgarh,Koriya,State
Chhattisgarh,Mahasamund,State
Chhattisgarh,Manendragarh,State
Chhattisgarh,Mohla Manpur,State
Chhattisgarh,Mungeli,State
Chhattisgarh,Narayanpur,State
Chhattisgarh,Raigarh,State
Chhattisgarh,Raipur,State
Chhattisgarh,Rajnandgaon,State
Chhattisgarh,Sakti,State
Chhattisgarh,Sarangarh Bilaigarh,State
Chhattisgarh,Sukma,State
Chhattisgarh,Surajpur,State
Chhattisgarh,Surguja,State
Dadra and Nagar Haveli and Daman and Diu,Dadra and Nagar Haveli,Union Territory
Dadra and Nagar Haveli and Daman and Diu,Daman,Union Territory
Dadra and Nagar Haveli and Daman and Diu,Diu,Union Territory
Delhi,Central Delhi,Union Territory
Delhi,East Delhi,Union Territory
Delhi,New Delhi,Union Territory
Delhi,North Delhi,Union Territory
Delhi,North East Delhi,Union Territory
Delhi,North West Delhi,Union Territory
Delhi,Shahdara,Union Territory
Delhi,South Delhi,Union Territory
Delhi,South East Delhi,Union Territory
Delhi,South West Delhi,Union Territory
Delhi,West Delhi,Union Territory
Goa,North Goa,State
Goa,South Goa,State
Gujarat,Ahmedabad,State
Gujarat,Amreli,State
Gujarat,Anand,State
Gujarat,Aravalli,State
Gujarat,Banaskantha,State
Gujarat,Bharuch,State
Gujarat,Bhavnagar,State
Gujarat,Botad,State
Gujarat,Chhota Udaipur,State
Gujarat,Dahod,State
Gujarat,Dang,State
Gujarat,Devbhoomi Dwarka,State
Gujarat,Gandhinagar,State
Gujarat,Gir Somnath,State
Gujarat,Jamnagar,State
Gujarat,Junagadh,State
Gujarat,Kheda,State
Gujarat,Kutch,State
Gujarat,Mahisagar,State
Gujarat,Mehsana,State
Gujarat,Morbi,State
Gujarat,Narmada,State
Gujarat,Navsari,State
Gujarat,Panchmahal,State
Gujarat,Patan,State
Gujarat,Porbandar,State
Gujarat,Rajkot,State
Gujarat,Sabarkantha,State
Gujarat,Surat,State
Gujarat,Surendranagar,State
Gujarat,Tapi,State
Gujarat,Vadodara,State
Gujarat,Valsad,State
Haryana,Ambala,State
Haryana,Bhiwani,State
Haryana,Charkhi Dadri,State
Haryana,Faridabad,State
Haryana,Fatehabad,State
Haryana,Gurugram,State
Haryana,Hisar,State
Haryana,Jhajjar,State
Haryana,Jind,State
Haryana,Kaithal,State
Haryana,Karnal,State
Haryana,Kurukshetra,State
Haryana,Mahendragarh,State
Haryana,Mewat,State
Haryana,Palwal,State
Haryana,Panchkula,State
Haryana,Panipat,State
Haryana,Rewari,State
Haryana,Rohtak,State
Haryana,Sirsa,State
Haryana,Sonipat,State
Haryana,Yamunanagar,State
Himachal Pradesh,Bilaspur,State
Himachal Pradesh,Chamba,State
Himachal Pradesh,Hamirpur,State
Himachal Pradesh,Kangra,State
Himachal Pradesh,Kinnaur,State
Himachal Pradesh,Kullu,State
Himachal Pradesh,Lahaul Spiti,State
Himachal Pradesh,Mandi,State
Himachal Pradesh,Shimla,State
Himachal Pradesh,Sirmaur,State
Himachal Pradesh,Solan,State
Himachal Pradesh,Una,State
Jammu Kashmir,Anantnag,Union Territory
Jammu Kashmir,Bandipora,Union Territory
Jammu Kashmir,Baramulla,Union Territory
Jammu Kashmir,Budgam,Union Territory
Jammu Kashmir,Doda,Union Territory
Jammu Kashmir,Ganderbal,Union Territory
Jammu Kashmir,Jammu,Union Territory
Jammu Kashmir,Kathua,Union Territory
Jammu Kashmir,Kishtwar,Union Territory
Jammu Kashmir,Kulgam,Union Territory
Jammu Kashmir,Kupwara,Union Territory
Jammu Kashmir,Poonch,Union Territory
Jammu Kashmir,Pulwama,Union Territory
Jammu Kashmir,Rajouri,Union Territory
Jammu Kashmir,Ramban,Union Territory
Jammu Kashmir,Reasi,Union Territory
Jammu Kashmir,Samba,Union Territory
Jammu Kashmir,Shopian,Union Territory
Jammu Kashmir,Srinagar,Union Territory
Jammu Kashmir,Udhampur,Union Territory
Jharkhand,Bokaro,State
Jharkhand,Chatra,State
Jharkhand,Deoghar,State
Jharkhand,Dhanbad,State
Jharkhand,Dumka,State
Jharkhand,East Singhbhum,State
Jharkhand,Garhwa,State
Jharkhand,Giridih,State
Jharkhand,Godda,State
Jharkhand,Gumla,State
Jharkhand,Hazaribagh,State
Jharkhand,Jamtara,State
Jharkhand,Khunti,State
Jharkhand,Koderma,State
Jharkhand,Latehar,State
Jharkhand,Lohardaga,State
Jharkhand,Pakur,State
Jharkhand,Palamu,State
Jharkhand,Ramgarh,State
Jharkhand,Ranchi,State
Jharkhand,Sahebganj,State
Jharkhand,Seraikela Kharsawan,State
Jharkhand,Simdega,State
Jharkhand,West Singhbhum,State
Karnataka,Bagalkot,State
Karnataka,Bangalore Rural,State
Karnataka,Bangalore Urban,State
Karnataka,Belgaum,State
Karnataka,Bellary,State
Karnataka,Bidar,State
Karnataka,Chamarajanagar,State
Karnataka,Chikkaballapur,State
Karnataka,Chikkamagaluru,State
Karnataka,Chitradurga,State
Karnataka,Dakshina Kannada,State
Karnataka,Davanagere,State
Karnataka,Dharwad,State
Karnataka,Gadag,State
Karnataka,Gulbarga,State
Karnataka,Hassan,State
Karnataka,Haveri,State
Karnataka,Kodagu,State
Karnataka,Kolar,State
Karnataka,Koppal,State
Karnataka,Mandya,State
Karnataka,Mysore,State
Karnataka,Raichur,State
Karnataka,Ramanagara,State
Karnataka,Shimoga,State
Karnataka,Tumkur,State
Karnataka,Udupi,State
Karnataka,Uttara Kannada,State
Karnataka,Vijayanagara,State
Karnataka,Vijayapura ,State
Karnataka,Yadgir,State
Kerala,Alappuzha,State
Kerala,Ernakulam,State
Kerala,Idukki,State
Kerala,Kannur,State
Kerala,Kasaragod,State
Kerala,Kollam,State
Kerala,Kottayam,State
Kerala,Kozhikode,State
Kerala,Malappuram,State
Kerala,Palakkad,State
Kerala,Pathanamthitta,State
Kerala,Thiruvananthapuram,State
Kerala,Thrissur,State
Kerala,Wayanad,State
Ladakh,Kargil,Union Territory
Ladakh,Leh,Union Territory
Lakshadweep,Lakshadweep,Union Territory
Madhya Pradesh,Agar Malwa,State
Madhya Pradesh,Alirajpur,State
Madhya Pradesh,Anuppur,State
Madhya Pradesh,Ashoknagar,State
Madhya Pradesh,Balaghat,State
Madhya Pradesh,Barwani,State
Madhya Pradesh,Betul,State
Madhya Pradesh,Bhind,State
Madhya Pradesh,Bhopal,State
Madhya Pradesh,Burhanpur,State
Madhya Pradesh,Chachaura,State
Madhya Pradesh,Chhatarpur,State
Madhya Pradesh,Chhindwara,State
Madhya Pradesh,Damoh,State
Madhya Pradesh,Datia,State
Madhya Pradesh,Dewas,State
Madhya Pradesh,Dhar,State
Madhya Pradesh,Dindori,State
Madhya Pradesh,Guna,State
Madhya Pradesh,Gwalior,State
Madhya Pradesh,Harda,State
Madhya Pradesh,Hoshangabad,State
Madhya Pradesh,Indore,State
Madhya Pradesh,Jabalpur,State
Madhya Pradesh,Jhabua,State
Madhya Pradesh,Katni,State
Madhya Pradesh,Khandwa,State
Madhya Pradesh,Khargone,State
Madhya Pradesh,Maihar,State
Madhya Pradesh,Mandla,State
Madhya Pradesh,Mandsaur,State
Madhya Pradesh,Morena,State
Madhya Pradesh,Nagda,State
Madhya Pradesh,Narsinghpur,State
Madhya Pradesh,Neemuch,State
Madhya Pradesh,Niwari,State
Madhya Pradesh,Pandhurna,State
Madhya Pradesh,Panna,State
Madhya Pradesh,Raisen,State
Madhya Pradesh,Rajgarh,State
Madhya Pradesh,Ratlam,State
Madhya Pradesh,Rewa,State
Madhya Pradesh,Sagar,State
Madhya Pradesh,Satna,State
Madhya Pradesh,Sehore,State
Madhya Pradesh,Seoni,State
Madhya Pradesh,Shahdol,State
Madhya Pradesh,Shajapur,State
Madhya Pradesh,Sheopur,State
Madhya Pradesh,Shivpuri,State
Madhya Pradesh,Sidhi,State
Madhya Pradesh,Singrauli,State
Madhya Pradesh,Tikamgarh,State
Madhya Pradesh,Ujjain,State
Madhya Pradesh,Umaria,State
Madhya Pradesh,Vidisha,State
Maharashtra,Ahmednagar,State
Maharashtra,Akola,State
Maharashtra,Amravati,State
Maharashtra,Aurangabad,State
Maharashtra,Beed,State
Maharashtra,Bhandara,State
Maharashtra,Buldhana,State
Maharashtra,Chandrapur,State
Maharashtra,Dhule,State
Maharashtra,Gadchiroli,State
Maharashtra,Gondia,State
Maharashtra,Hingoli,State
Maharashtra,Jalgaon,State
Maharashtra,Jalna,State
Maharashtra,Kolhapur,State
Maharashtra,Latur,State
Maharashtra,Mumbai City,State
Maharashtra,Mumbai Suburban,State
Maharashtra,Nagpur,State
Maharashtra,Nanded,State
Maharashtra,Nandurbar,State
Maharashtra,Nashik,State
Maharashtra,Osmanabad,State
Maharashtra,Palghar,State
Maharashtra,Parbhani,State
Maharashtra,Pune,State
Maharashtra,Raigad,State
Maharashtra,Ratnagiri,State
Maharashtra,Sangli,State
Maharashtra,Satara,State
Maharashtra,Sindhudurg,State
Maharashtra,Solapur,State
Maharashtra,Thane,State
Maharashtra,Wardha,State
Maharashtra,Washim,State
Maharashtra,Yavatmal,State
Manipur,Bishnupur,State
Manipur,Chandel,State
Manipur,Churachandpur,State
Manipur,Imphal East,State
Manipur,Imphal West,State
Manipur,Jiribam,State
Manipur,Kakching,State
Manipur,Kamjong,State
Manipur,Kangpokpi,State
Manipur,Noney,State
Manipur,Pherzawl,State
Manipur,Senapati,State
Manipur,Tamenglong,State
Manipur,Tengnoupal,State
Manipur,Thoubal,State
Manipur,Ukhrul,State
Meghalaya,East Garo Hills,State
Meghalaya,East Jaintia Hills,State
Meghalaya,East Khasi Hills,State
Meghalaya,Mairang,State
Meghalaya,North Garo Hills,State
Meghalaya,Ri Bhoi,State
Meghalaya,South Garo Hills,State
Meghalaya,South West Garo Hills,State
Meghalaya,South West Khasi Hills,State
Meghalaya,West Garo Hills,State
Meghalaya,West Jaintia Hills,State
Meghalaya,West Khasi Hills,State
Mizoram,Aizawl,State
Mizoram,Champhai,State
Mizoram,Hnahthial,State
Mizoram,Kolasib,State
Mizoram,Khawzawl,State
Mizoram,Lawngtlai,State
Mizoram,Lunglei,State
Mizoram,Mamit,State
Mizoram,Saiha,State
Mizoram,Serchhip,State
Mizoram,Saitual,State
Nagaland,Chumukedima,State
Nagaland,Dimapur,State
Nagaland,Kiphire,State
Nagaland,Kohima,State
Nagaland,Longleng,State
Nagaland,Mokokchung,State
Nagaland,Mon,State
Nagaland,Niuland,State
Nagaland,Noklak,State
Nagaland,Peren,State
Nagaland,Phek,State
Nagaland,Shamator,State
Nagaland,Tseminyu,State
Nagaland,Tuensang,State
Nagaland,Wokha,State
Nagaland,Zunheboto,State
Odisha,Angul,State
Odisha,Balangir,State
Odisha,Balasore,State
Odisha,Bargarh,State
Odisha,Bhadrak,State
Odisha,Boudh,State
Odisha,Cuttack,State
Odisha,Debagarh,State
Odisha,Dhenkanal,State
Odisha,Gajapati,State
Odisha,Ganjam,State
Odisha,Jagatsinghpur,State
Odisha,Jajpur,State
Odisha,Jharsuguda,State
Odisha,Kalahandi,State
Odisha,Kandhamal,State
Odisha,Kendrapara,State
Odisha,Kendujhar,State
Odisha,Khordha,State
Odisha,Koraput,State
Odisha,Malkangiri,State
Odisha,Mayurbhanj,State
Odisha,Nabarangpur,State
Odisha,Nayagarh,State
Odisha,Nuapada,State
Odisha,Puri,State
Odisha,Rayagada,State
Odisha,Sambalpur,State
Odisha,Subarnapur,State
Odisha,Sundergarh,State
Puducherry,Karaikal,Union Territory
Puducherry,Mahe,Union Territory
Puducherry,Puducherry,Union Territory
Puducherry,Yanam,Union Territory
Punjab,Amritsar,State
Punjab,Barnala,State
Punjab,Bathinda,State
Punjab,Faridkot,State
Punjab,Fatehgarh Sahib,State
Punjab,Fazilka,State
Punjab,Firozpur,State
Punjab,Gurdaspur,State
Punjab,Hoshiarpur,State
Punjab,Jalandhar,State
Punjab,Kapurthala,State
Punjab,Ludhiana,State
Punjab,Malerkotla,State
Punjab,Mansa,State
Punjab,Moga,State
Punjab,Mohali,State
Punjab,Muktsar,State
Punjab,Pathankot,State
Punjab,Patiala,State
Punjab,Rupnagar,State
Punjab,Sangrur,State
Punjab,Shaheed Bhagat Singh Nagar,State
Punjab,Tarn Taran,State
Rajasthan,Ajmer,State
Rajasthan,Alwar,State
Rajasthan,Anupgarh,State
Rajasthan,Balotra,State
Rajasthan,Banswara,State
Rajasthan,Baran,State
Rajasthan,Barmer,State
Rajasthan,Beawar,State
Rajasthan,Bharatpur,State
Rajasthan,Bhilwara,State
Rajasthan,Bikaner,State
Rajasthan,Bundi,State
Rajasthan,Chittorgarh,State
Rajasthan,Churu,State
Rajasthan,Dausa,State
Rajasthan,Deeg,State
Rajasthan,Dholpur,State
Rajasthan,Didwana-Kuchaman,State
Rajasthan,Dudu,State
Rajasthan,Dungarpur,State
Rajasthan,Gangapur City,State
Rajasthan,Hanumangarh,State
Rajasthan,Jaipur,State
Rajasthan,Jaipur Rural,State
Rajasthan,Jaisalmer,State
Rajasthan,Jalore,State
Rajasthan,Jhalawar,State
Rajasthan,Jhunjhunu,State
Rajasthan,Jodhpur,State
Rajasthan,Jodhpur Rural,State
Rajasthan,Karauli,State
Rajasthan,Kekri,State
Rajasthan,Khairthal–Tijara,State
Rajasthan,Kota,State
Rajasthan,Kotputli-Behror,State
Rajasthan,Nagaur,State
Rajasthan,Neem ka Thana,State
Rajasthan,Pali,State
Rajasthan,Phalodi,State
Rajasthan,Pratapgarh,State
Rajasthan,Rajsamand,State
Rajasthan,Salumbar,State
Rajasthan,Sanchore,State
Rajasthan,Sawai Madhopur,State
Rajasthan,Shahpura,State
Rajasthan,Sikar,State
Rajasthan,Sirohi,State
Rajasthan,Sri Ganganagar,State
Rajasthan,Tonk,State
Rajasthan,Udaipur,State
Sikkim,East Sikkim,State
Sikkim,North Sikkim,State
Sikkim,Pakyong,State
Sikkim,Soreng,State
Sikkim,South Sikkim,State
Sikkim,West Sikkim,State
Tamil Nadu,Ariyalur,State
Tamil Nadu,Chengalpattu,State
Tamil Nadu,Chennai,State
Tamil Nadu,Coimbatore,State
Tamil Nadu,Cuddalore,State
Tamil Nadu,Dharmapuri,State
Tamil Nadu,Dindigul,State
Tamil Nadu,Erode,State
Tamil Nadu,Kallakurichi,State
Tamil Nadu,Kanchipuram,State
Tamil Nadu,Kanyakumari,State
Tamil Nadu,Karur,State
Tamil Nadu,Krishnagiri,State
Tamil Nadu,Madurai,State
Tamil Nadu,Mayiladuthurai ,State
Tamil Nadu,Nagapattinam,State
Tamil Nadu,Namakkal,State
Tamil Nadu,Nilgiris,State
Tamil Nadu,Perambalur,State
Tamil Nadu,Pudukkottai,State
Tamil Nadu,Ramanathapuram,State
Tamil Nadu,Ranipet,State
Tamil Nadu,Salem,State
Tamil Nadu,Sivaganga,State
Tamil Nadu,Tenkasi,State
Tamil Nadu,Thanjavur,State
Tamil Nadu,Theni,State
Tamil Nadu,Thoothukudi,State
Tamil Nadu,Tiruchirappalli,State
Tamil Nadu,Tirunelveli,State
Tamil Nadu,Tirupattur,State
Tamil Nadu,Tiruppur,State
Tamil Nadu,Tiruvallur,State
Tamil Nadu,Tiruvannamalai,State
Tamil Nadu,Tiruvarur,State
Tamil Nadu,Vellore,State
Tamil Nadu,Viluppuram,State
Tamil Nadu,Virudhunagar,State
Telangana,Adilabad,State
Telangana,Bhadradri Kothagudem,State
Telangana,Hyderabad,State
Telangana,Jagtial,State
Telangana,Jangaon,State
Telangana,Jayashankar,State
Telangana,Jogulamba,State
Telangana,Kamareddy,State
Telangana,Karimnagar,State
Telangana,Khammam,State
Telangana,Komaram Bheem,State
Telangana,Mahabubabad,State
Telangana,Mahbubnagar,State
Telangana,Mancherial,State
Telangana,Medak,State
Telangana,Medchal,State
Telangana,Mulugu,State
Telangana,Nagarkurnool,State
Telangana,Nalgonda,State
Telangana,Narayanpet,State
Telangana,Nirmal,State
Telangana,Nizamabad,State
Telangana,Peddapalli,State
Telangana,Rajanna Sircilla,State
Telangana,Ranga Reddy,State
Telangana,Sangareddy,State
Telangana,Siddipet,State
Telangana,Suryapet,State
Telangana,Vikarabad,State
Telangana,Wanaparthy,State
Telangana,Warangal,State
Telangana,Hanamkonda,State
Telangana,Yadadri Bhuvanagiri,State
Tripura,Dhalai,State
Tripura,Gomati,State
Tripura,Khowai,State
Tripura,North Tripura,State
Tripura,Sepahijala,State
Tripura,South Tripura,State
Tripura,Unakoti,State
Tripura,West Tripura,State
Uttar Pradesh,Agra,State
Uttar Pradesh,Aligarh,State
Uttar Pradesh,Ambedkar Nagar,State
Uttar Pradesh,Amethi,State
Uttar Pradesh,Amroha,State
Uttar Pradesh,Auraiya,State
Uttar Pradesh,Ayodhya,State
Uttar Pradesh,Azamgarh,State
Uttar Pradesh,Baghpat,State
Uttar Pradesh,Bahraich,State
Uttar Pradesh,Ballia,State
Uttar Pradesh,Balrampur,State
Uttar Pradesh,Banda,State
Uttar Pradesh,Barabanki,State
Uttar Pradesh,Bareilly,State
Uttar Pradesh,Basti,State
Uttar Pradesh,Bhadohi,State
Uttar Pradesh,Bijnor,State
Uttar Pradesh,Budaun,State
Uttar Pradesh,Bulandshahr,State
Uttar Pradesh,Chandauli,State
Uttar Pradesh,Chitrakoot,State
Uttar Pradesh,Deoria,State
Uttar Pradesh,Etah,State
Uttar Pradesh,Etawah,State
Uttar Pradesh,Farrukhabad,State
Uttar Pradesh,Fatehpur,State
Uttar Pradesh,Firozabad,State
Uttar Pradesh,Gautam Buddha Nagar,State
Uttar Pradesh,Ghaziabad,State
Uttar Pradesh,Ghazipur,State
Uttar Pradesh,Gonda,State
Uttar Pradesh,Gorakhpur,State
Uttar Pradesh,Hamirpur,State
Uttar Pradesh,Hapur,State
Uttar Pradesh,Hardoi,State
Uttar Pradesh,Hathras,State
Uttar Pradesh,Jalaun,State
Uttar Pradesh,Jaunpur,State
Uttar Pradesh,Jhansi,State
Uttar Pradesh,Kannauj,State
Uttar Pradesh,Kanpur Dehat,State
Uttar Pradesh,Kanpur Nagar,State
Uttar Pradesh,Kasganj,State
Uttar Pradesh,Kaushambi,State
Uttar Pradesh,Kheri,State
Uttar Pradesh,Kushinagar,State
Uttar Pradesh,Lalitpur,State
Uttar Pradesh,Lucknow,State
Uttar Pradesh,Maharajganj,State
Uttar Pradesh,Mahoba,State
Uttar Pradesh,Mainpuri,State
Uttar Pradesh,Mathura,State
Uttar Pradesh,Mau,State
Uttar Pradesh,Meerut,State
Uttar Pradesh,Mirzapur,State
Uttar Pradesh,Moradabad,State
Uttar Pradesh,Muzaffarnagar,State
Uttar Pradesh,Pilibhit,State
Uttar Pradesh,Pratapgarh,State
Uttar Pradesh,Prayagraj,State
Uttar Pradesh,Raebareli,State
Uttar Pradesh,Rampur,State
Uttar Pradesh,Saharanpur,State
Uttar Pradesh,Sambhal,State
Uttar Pradesh,Sant Kabir Nagar,State
Uttar Pradesh,Shahjahanpur,State
Uttar Pradesh,Shamli,State
Uttar Pradesh,Shravasti,State
Uttar Pradesh,Siddharthnagar,State
Uttar Pradesh,Sitapur,State
Uttar Pradesh,Sonbhadra,State
Uttar Pradesh,Sultanpur,State
Uttar Pradesh,Unnao,State
Uttar Pradesh,Varanasi,State
Uttarakhand,Almora,State
Uttarakhand,Bageshwar,State
Uttarakhand,Chamoli,State
Uttarakhand,Champawat,State
Uttarakhand,Dehradun,State
Uttarakhand,Haridwar,State
Uttarakhand,Nainital,State
Uttarakhand,Pauri,State
Uttarakhand,Pithoragarh,State
Uttarakhand,Rudraprayag,State
Uttarakhand,Tehri,State
Uttarakhand,Udham Singh Nagar,State
Uttarakhand,Uttarkashi,State
West Bengal,Alipurduar,State
West Bengal,Bankura,State
West Bengal,Birbhum,State
West Bengal,Cooch Behar,State
West Bengal,Dakshin Dinajpur,State
West Bengal,Darjeeling,State
West Bengal,Hooghly,State
West Bengal,Howrah,State
West Bengal,Jalpaiguri,State
West Bengal,Jhargram,State
West Bengal,Kalimpong,State
West Bengal,Kolkata,State
West Bengal,Malda,State
West Bengal,Murshidabad,State
West Bengal,Nadia,State
West Bengal,North 24 Parganas,State
West Bengal,Paschim Bardhaman,State
West Bengal,Paschim Medinipur,State
West Bengal,Purba Bardhaman,State
West Bengal,Purba Medinipur,State
West Bengal,Purulia,State
West Bengal,South 24 Parganas,State
West Bengal,Uttar Dinajpur,State